ID,Text,Translation
9013487,,
9013499,"Mission Sponsor",
9013500,"CEO",
9013501,"CFO",
9013502,"President",
9013503,"Prime Minister",
9013504,"Chairman",
9013505,"Oracle",
9013506,"Major General",
9013507,"COO",
9013508,"Silent Leader",
9013509,"The Martian Tribune:  Today's Headlines",
9013510,"Top Story:  <MTFrontPageStoryTitle> <newline><newline> <MTFrontPageStory><newline><newline><newline> Other Headlines:<newline>     Engineering Story:  <MTEngHeadline><newline>     Social Story:  <MTSocialHeadline><newline>",
9013511,"View Top Story Archives",
9013512,"View Engineering Story",
9013513,"View Social Story",
9013514,"Close",
9013515,"The Martian Tribune:  Top Story Archives",
9013516,"Recent Top Stories:  <newline><newline><MTTopArchive1Title> <newline><newline>     <MTTopArchive1Story><newline><newline><newline> <MTTopArchive2Title><newline><newline>     <MTTopArchive2Story><newline>",
9013517,"Flip to Next Page of Archived Top Stories",
9013518,"Return to Front Page",
9013519,"The Martian Tribune:  Interstellar Engineering",
9013520,"Top Engineering Story:  <MTEngHeadlineTitle> <newline><newline> <MTEngHeadlineStory><newline><newline><newline> Other Headlines:<newline>     Front Page Story:  <MTFrontPageStoryTitle><newline>     Social Story:  <MTSocialHeadline><newline>",
9013521,"View Engineering Archives",
9013522,"View Current Social Story",
9013523,"The Martian Tribune:  Interstellar Engineering Archives",
9013524,"Recent Engineering Stories:   <newline><newline><MTEngArchive1Title> <newline><newline>     <MTEngArchive1Story><newline><newline><newline> <MTEngArchive2Title><newline><newline>     <MTEngArchive2Story><newline>",
9013525,"View Next Page of Engineering Archives",
9013526,"The Martian Tribune:  Red Planet Socialites Headlines",
9013527,"Top Social Story:  <MTSocialHeadline> <newline><newline> <MTSocialHeadlineStory><newline><newline><newline> Other Headlines:<newline>     Engineering Story:  <MTEngHeadlineTitle><newline>     Front Page Story:  <MTFrontPageStoryTitle><newline>",
9013528,"View Social Archives",
9013529,"View Current Engineering Story",
9013530,"The Martian Tribune:  Red Planet Socialites Archives",
9013531,"Recent Social Stories:  <newline><newline><MTSocialArchive1Title> <newline><newline>     <MTSocialArchive1Story><newline><newline><newline> <MTSocialArchive2Title><newline><newline>     <MTSocialArchive2Story><newline>",
9013532,"View Next Page of Social Archives",
9013533,"Fuel of the Future",
9013534,"     Researchers have recently completed designs for the construction of Martian Fuel Refineries and the Polymer Factories using only drones and parts found on the surface of Mars. This is a huge breakthrough in Martian engineering as before this point all fuel refineries and polymer factories had to be imported as fully built structures from Earth, an expensive and time consuming process that may now be bypassed thanks to their hard work and diligence.",
9013535,"Drones Imbued With the Secrets of Hydrosynthesis",
9013536,"     Martian Drones have recently been given the plans for fuel refinery and polymer factory construction, which up until now was a closely guarded secret from <MTSponsor>. This advancement will let us create both fuel and polymers, without any support from Earth, requiring only locally sourced water.",
9013537,"Drones Reminded That Structure Shells Look Silly",
9013538,"     Drones on Mars Have received a software upgrade that reminds them that leaving the shell of a former structure looks messy, unkept and serves no purpose, thus it is ok for them to remove the shell and make the surface look nice again.  We simply have to say ""please"", is all.",
9013539,"Decommissioning Buildings Necessary for Colonial Advancement",
9013540,"     <MTSponsor> has announced that some of the buildings made on Mars may need to not only be salvaged but entirely decommissioned and destroyed in order to pave the way for future construction. Drones have now been updated with the necessary tools to perform this function whenever instructed. Please be purposeful in making such requests.  All requests to decommission Spacebars will automatically be refused.",
9013541,"Rockets Now Made More Spacious",
9013542,"     Scientists have discovered a way to fit up to 10,000kg more junk food and supplies in each rocket sent to Mars. By squeezing the fuel into a smaller tank, they have created more cargo space. ""It's amazing we didn't think of this earlier, just make the fuel tank smaller.  It might pertain to rockets, but it is definitely not rocket science"".",
9013543,"Looser Safety Restrictions Means More Room For Cargo",
9013544,"     Claiming to employ new, improved Kerbal construction methods, <MTSponsor> has taken the liberty of removing nearly all of the safety features from our Mars-bound rockets, replacing them instead with a healthy supply of MK16 Parachutes.  This one, relatively minor change allows us to fit 10,000kg more cargo in the Ship and should keep colonists safe in their travels regardless.  Hopefully.",
9013545,"Water Recovery Explained",
9013546,"     We recently sat down for an interview with <MTScientist> where we learned what lead to the new Water Reclamation technology: ""Well basically, we realised that the dome is very similar in design to a water purifier on Earth, except that it's missing the cup in the middle to collect all the water. That's what this new spire will do. It will collect the condensation from the dome's interior and convert it back into consumable water for the inhabitants, effectively cutting our water usage in half.""",
9013547,"New Spire Does NOT Contain Swimming Pool",
9013548,"     Despite many requests, and the far reaching rumors about Project Whirlpool. It has been revealed that the recent spire design will not contain a swimming pool, but is instead a system for reclaiming water inside a dome and preparing it for re-use. Personally, while there is clear value in the end result, I think a pool would be far more fun.",
9013549,"random scientist",
9013550,"Painting Water Vaporators",
9013551,"     Scientists have recently discovered that painting water vaporators with Hygroscopic Paint actually has the effect of increasing water output.  In celebration, the Martian Tribune would like to announce the First Annual Vaporator Graffiti Contest!  Grab your paint brushes and let's see those designs!  The top five entries, voted on by you, our faithful readers, will become the new designs for all future vaporators!",
9013552,"Successful Martian Colony Brings Hope",
9013553,"     Our beautiful Martian colony, that started many sol ago has brought hope to humanity, inspiring her to look beyond, unto other planets, with a desire to colonise other rocks within the Milky Way. Most of the impetus at the moment are for colonisation of the moon, Europa, Venus and Jupiter.  Russia has stated that it would consider trying to colonise Pluto, though this was before realising Russia is already bigger than the icy dwarf planet.",
9013554,"It's a bird!  It's a plane! It's...",
9013555,"     Nope, it's a 2018 Tesla Roadster.  The car was originally hurled into space by the eccentric billionaire Elon Musk through his now famous spacefaring organization, Space X.  The Roadster is just now passing Mars in an eliptical orbit before continuing on its course back toward low Earth orbit.  Without this groundbreaking Roadster, we may not be where we are today.  Be sure to look up and thank the cars that we made it here safely!",
9013556,"But How Do They Work?",
9013557,"     Our Martian Moxies will now be able to put magnets into their filtration chambers in order to create more oxygen. We don't fully understand how, and when a scientist explained it to us, we fell asleep about 45 minutes in. Nonetheless, they assure us that it works as intended, but that we may need to take some iron supplements to enhance the effects to desired levels.",
9013558,"Moxie Magnets Make Magic",
9013559,"     Scientists Have developed a novel magnetic attachment for the Moxie. The attachment filters out far more of the tiny metals floating in the Martian atmosphere than previously thought possible.  This new filtration technique allows the Moxie to more effectively create that life saving oxygen that we so desperately need.",
9013560,"People With Mushroom Allergies Beware",
9013561,"     We have recently discovered the secret to growing mushrooms on Mars. It wasn't really too complicated as Mushrooms can grow just about anywhere, but now we can farm them. If you have a mushroom allergy, we recommend taking one of the next shuttles to Earth, as a new Martian staple has been added to the menu.",
9013562,"Mushrooms on Mars",
9013563,"     Researchers have designed a new building that can be placed outside of a dome. It will be its own self-contained farm and will grow a specialized Martian Mushroom. It should be noted these specialized mushrooms are illegal on Earth, and should never be brought back when traveling back to the blue planet.",
9013564,"Adding Waste To The Dust Makes Soil",
9013565,"     Scientists have discovered that adding human waste to a water and dust mixture can create a viable soil for arable farming.  Botanists have immediately begun working with dome architects to create designs for the first Martian Farms that do not require electricity and might reduce our reliance on hydroponics.",
9013566,"Botanists Rejoice As Farming Becomes Viable",
9013567,"     It was once thought that the only possible way to make food on Mars would be with a significant number of hydroponic farms, but after many sol of rigorous research, it has been found that we can indeed make normal flat Farms inside our domes. Numerous botonists have betrayed their irrational fear of heights and urged the use of these new farms as soon as possible.",
9013568,"The Martian Games",
9013569,"     Following The Failed bid to host the olympics on Mars, <MTLeader> has decided to create our own games, incorporating Blackjack and Hoopers, among others. Games of Hoopers will start things off this coming Saturday in the open air gym. Also considered for the Martian Games are Dome Skiing, where contestants race down the outside of a dome on pallets, and Drone Jumping.",
9013570,"Mars Day",
9013571,"     Today we celebrate Mars Day, a day of merriment and joy, to celebrate Humanity shooting for the stars, and finding a home away from home. We are Martians, and we are proud. Join with your friends and family in a great meal, come to the space bar for a drink, but most importantly: go to work and celebrate with your colleagues as well.",
9013572,"First Words Spoken On Mars",
9013573,"     ""Our journey began with one small step and one giant leap. Today, we take another of each, and begin to find our stride"". Powerful words from <MTFounderName> as Humanity expands for the first time to another planet.",
9013574,"They're Fighting, Stop Fighting!",
9013575,"     Local outspoken dome inhabitant, <MTRenegade> was caught instigating several fights this weekend.  Rumor has it that he was trying to build interest in a club.  After sobering up overnight, the renegade was quoted as saying, ""What club? There is no club.""",
9013576,"random founder",
9013577,"random renegade",
9013578,"Fight Club Story Retraction",
9013579,"     The Martian Tribune would like to apologise for any upset caused in publishing details of the rumored club referenced in the story ""They're fighting, stop fighting"".  In consultation with local security, an attorney on retainer, and an unnamed source, we have come to the conclusion that it would be better were we not to talk about the aforementioned ""club"".",
9013580,"The Faith of Mars",
9013581,"     Religion has become a very important part of Martian life, ever since our first founders, who melded together all forms of Christiandom, Islam and Judaism into a single super faith. Today, there are a wide variety of religions on Mars: The True Humanity Society, who follow the teachings of Earth and worship her children, The Jedi, who follow the teachings of a galaxy far far away, The aforementioned Tri-Faith, which follows the teachings of each of the above Earthling faiths, and of course, our very own Red Church of Mars, which needs no explanation.",
9013582,"Guru In The Garden",
9013583,"     Martian Guru <MTGuru> has informed the Martian Tribune that they will be holding frequent meditation and contemplation sesions in the dome's garden. ""The garden is the natural spot for gurus like me, it lets me reach a more intense inner core, and connect more deeply with others and with nature.""",
9013584,"random guru",
9013585,"El Presidente to Visit Mars",
9013586,"     The self-proclaimed El Presidente of Cayo de Fortuna has decided on an official visit to Mars.  He comes with hopes of meeting with <MTLeaderTitle> <MTLeader> and brokering a potential trade deal.",
9013587,"A Martian Marathon",
9013588,"     Mars' first RC Explorer has now traversed a whopping 42.2 Kilometers, or 26.2 miles, completing its own personal marathon on Mars. We at the Martian Tribune support this great explorer in its marathon effort. May the discoveries continue to pour in as a result of such diligence and dedication.",
9013589,"<MTDrone1> Breakdown",
9013590,"     <MTDrone1> suffered a minor fault to its front left wheel yesterday causing the drone to be unable to complete tasks for the sol. The lucky drone had friends, however, namely <MTDrone2> who noticed <MTDrone1> struggling and helped to repair their wheel before sol's end.",
9013591,"Shuttle Capacity Doubled",
9013592,"     Researchers have discovered that it is possible to add up to ten more seats to our passenger shuttles, allowing up to 22 new colonists to come to Mars at once! This new discovery was made when a researcher knocked his chair over, causing him to realise that there is no up or down in space, so we could simply add more seats to the ""ceiling"" of the previous design.",
9013593,"A Clinic on Inefficiency",
9013594,"     Attending a clinic is often a place to learn, unless you're <MTLeaderTitle> <MTLeader>.  Apparently it's expected that resources will move themselves and planning is just plain overrated.  <MTLeaderTitle>, we need more drones and we need them yesterday!  I only hope that everyone receives their food and other essential supplies in time.",
9013595,"Word of the Day:  Power Conservation",
9013596,"     Leadership has declared it a non-issue, but the flickering lights are not your imagination: our power infrastructure is failing us and no longer meets the burgeoning demands of our colony.  Please remember to turn off all lights and electronics when not in use.  Your neighbors will thank you for it.",
9013597,"Power Grid Depleted",
9013598,"     If it feels a little colder in your dome today than yesterday, that may be because our power grid is maxed and the <MTLeaderTitle> seems to be doing nothing about it.  Dress warmly, this isn't the first day the power's gone out and it likely won't be the last.",
9013599,"Water Shortage Rumors Abound",
9013600,"     Water is on short supply these days.  <MTLeaderTitle> <MTLeader> has declared the shortage to be an outright lie, but rumors abound that plans are in the works to boost output in these coming sol.",
9013601,"Let It Mellow",
9013602,"     Conservation is the name of the game in our domes today as we find ourselves short on water production and storage.  In the coming days, we urge you to adopt a new philosophy if you haven't already: ""if it's yellow let it mellow, if it's brown flush it down.""  Hopefully this is a temporary situation.  We will advise you when the situation has improved.",
9013603,"Oxygen Short: Time To Lay Low",
9013604,"     Oxygen production is a bit under current demand for the time being.  It's best to lie low for a few days!  Save that exercise until details have been sorted, more Moxies constructed, and for the drones to complete any necessary maintenance.",
9013605,"Oxygen Production Goals Unmet",
9013606,"     If you find yourself with chest pains in these next few days, it might be better to consult with your local engineer than your local doctor!  Our current oxygen production is just short of demand.  Expect the atmosphere to be a bit thin in the coming days and prepare for the worst.",
9013607,"First Dome-Penetrating Structure Erected",
9013608,"     The Arcology erected in <MTArcologyDomeName> has been praised as an exquisite example of engineering, poking through the rounded dome, to a firm stance with a rounded bottom. As ever, the typical architectural tropes remain well intact, as one of the arcology residents put it, ""How are we not doing phrasing anymore?  Seriously, the entire building is one giant inuendo!""",
9013609,"arcology dome",
9013610,"Moxie: Martian Magic",
9013611,"     This morning marks a milestone in the Martian memoirs. Moxie, the magic Martian machine makes mini mistrals, managing to maximise 02 from the mainly CO2 medium of Mars. Magnificent.",
9013612,"Video of Martian Drone Goes Viral",
9013613,"     An adorable video of <MTDrone1> picking up some metal has gone viral on Earth, resulting in many copycat videos being created. <MTDrone2>, a relative of <MTDrone1>, who reportedly took the video has said (after translation from binary) ""I do not understand why it has gone viral, <MTDrone1> was only doing their job"", in response, an earthling video production expert stated ""I know it's just doing its job, but it's SOO cute!""",
9013614,"Concrete Extractor Loves Its Job",
9013615,"     Concrete Extractor #2 has been observed to really love its job extracting concrete for the embetterment of humanity, always putting in 100% exactly. Unlike the other extractors, Concrete Extractor #2 is programmed specifically to remember every piece of concrete it extracts, and it's programmer claims that it even develops an emotional connection with the concrete it extracts. Love is in the air, folks!  ...and the concrete.",
9013616,"Oval Dome Declared Unnatural",
9013617,"     The building of the new Oval Dome has stirred a fair share of controversy on Mars. The Flat Mars League (FML) has come forward, claiming it unnatural. ""We have always built round domes, this new oval dome is an insult to martian tradition. What's next? Square?"" The new dome design allows for two spires, which scientists have described as ""an incredible breakthrough"" stating that they can now throw paper airplanes from one spire to another without even striking the sides of the dome.",
9013618,"Pew Pew",
9013619,"     Several citizens have lodged official complaints about the new MDS Laser, claiming that they never know when it is firing, and that concerns them. The solution offered is to add a ""pew-pew"" sound effect to the MDS lasers, thus allowing citizens the comfort of knowing their dome is securely defended.",
9013620,"Pew Pew Pew!",
9013621,"     In response to the complaints lodged several sol prior, pew-pew sounds have been added to all new MDS Lasers.  Drama ensues, however, as several colonists have claimed to have heard the noises generated by the lasers despite there being no meteors in sight and without the lasers firing.  When asked if there were children present playing with their electronics, they responded, ""I hadn't quite thought about that. I don't recall.""",
9013622,"Barely Scratching The Surface",
9013623,"     With each day that passes we are learning more and more about the new world around us, but this doesn't mean that we've learned a single iota about the land next to us.  Our surface deposits are great, but when are we going to probe beyond the surface?  These piddly deposits will only serve our needs in the short term.  In the long term, we need to bore.  We need to go deep.",
9013624,"All of <MTDomeWithoutO2Name> Holds Their Breath",
9013625,"     <MTDomeWithoutO2Name> is in dire straits as their oxygen supply was cut off from them recently.  While the <MTLeaderTitle> has already sent for the materials and drones necessary for repair, <MTDomeWithoutO2Name> citizens wonder anxiously: will it all arrive in time to matter?  For the rest of us: be prepared for a potential emergency evacuation.",
9013626,"<MTDomeWithoutO2Name> Lets Off Some Steam",
9013627,"     Without any oxygen, <MTDomeWithoutO2Name> is no longer able to sustain the population it once did.  Please make room in your own home for refugees.  Hopefully the drones are already on it, but either way, <MTDomeWithoutO2Name> will be offline for a time while under repair.",
9013628,"Drought Declared",
9013629,"     A drought has been declared in <MTDomeWithoutWaterName>.  Dehydration is setting in and the citizens are nervous.  <MTWaterDomeResident> has declared it a non-issue, professing his faith in <MTLeaderTitle> <MTLeader>'s planning and provision.",
9013630,"Engineers Working To Mitigate Water Shortage",
9013631,"     Water is in short supply in <MTDomeWithoutWaterName>.  While several engineers have begun working on a humidity reclamation project, even they have expressed doubt as to its viability.  This could be it for <MTDomeWithoutWaterName> as farms begin to shut down.",
9013632,"dome without water",
9013633,"colonist",
9013634,"dome without oxygen",
9013635,"Live From Mars Renewed for Season 2",
9013636,"     The hit martian reality TV show, Planet Mars, has been renewed for a second season. <MTCelebrityName> will be the host for the second season.  <MTSponsor> has offered their full support of the endeavor, while our new director has already declared their disgust with working in the Martian environment declaring ""Dust. It's coarse, and rough, and irritating, and it just gets everywhere. EVERYWHERE!""",
9013637,"random celebrity",
9013638,"What Goes Around Comes Around",
9013639,"     As time moves on more and more colonists are born, and more and more are passing away, including just yesterday.  In other news, the newest food crop has come in! Make sure to check your nearest grocer for fresh produce and show them this article for a 0.5 percent discount!",
9013640,"Domelenol Now Available!",
9013641,"     Got any aches and pains? Go to your local infirmary and ask for some Domelenol, the only sponsor-approved painkiller on Mars. Warning: Domelenol will not cure earthsickness, headaches, being an idiot, toothaches, alcoholism, feelings of loneliness, gambling addiction, nausea or just about anything else. Use at your own risk.",
9013642,"Spies Spotted on Mars",
9013643,"     The Martian Tribune has received information that there spies sent from Earth have been spotted on Mars. Sources say that a spy was seen in the spacebar in <MTSecondSpacebarDomeName> highly intoxicated and attempting to hit on any woman in the bar while trying to use the pickup line ""I am the greatest secret agent on Mars, baby!""  The spy's identity has yet to be confirmed.",
9013644,"unbuilt spacebar dome",
9013645,"New Language Develops on Mars",
9013646,"     It has been reported that the language spoken on Mars has changed so much from those spoken on earth that it is now mutually unintelligble when compared to any language on Earth and thus must be classified as its very own language. Some experts have claimed that it is not a new language, but rather a combination of Swahili and Irish.  This strikes us here at the Martian Tribune as quite odd, however, as no one speaking either of those languages has yet come to Mars.",
9013647,"Vigilante Justice",
9013648,"     A rumor has begun circulating around the domes of a masked vigilante running around preventing crime. Given the name of the Red Lantern has been spotted on multiple occasions preventing petty crimes and saving lives.  Spottings include, but are not limited to; telling youth to stop throwing rocks, pushing a person out of the way of a rapidly moving drone, and stopping a theft in the local grocer.",
9013649,"New Martian Passport Revealed",
9013650,"     The Martian Tribune has received an advance copy of the new martian passport, designed behind closed doors in Armstrong City on Luna.  The passport is red, the front has a hologram of Mars with Phobos and Deimos behind it. Designers have stated the passport is ""completely uncopyable"". If you have yet to see the design, plenty of copies are rumored to be available from various undisclosed sources both here on Mars as well as on the Moon.",
9013651,"Martian Music Voted Best in Galaxy",
9013652,"   The Martian rock group, Red Rock Rocks, has been voted best in the galaxy by an unbiased vote conducted online. The group is famous for songs such as ""4th Rock from the sun"", ""Red Rocks Rock"", ""Dome sweet Dome"", and ""Martian Madness"". The timing of such a vote is fortuitous as they have also just released their brand new album called ""Dark side of Phobos"".",
9013653,"<MTLeaderTitle> Praised For Culture of Equality",
9013654,"     In a recent G20 Summit, Mars has been praised for its fully representative gender-based equality. Martian men, women, and those identifying as Other all have equal and ready access to all services, job opportunities, and representation. This has been attributed to <MTSponsor> who has gone on record as not really caring about ""things like gender, as long as they get the job done.""",
9013655,"Religious Artifact Found on Mars",
9013656,"     <MTSaint> has found what appears to be a religious artifact on Mars. The item, shaped like the Point of Origin symbol from Stargate fame, has been heralded as undeniable proof of <MTSaint>'s new religion as the one true faith. Sceptics however are reported saying ""..its just a stupid, useless rock.. there are thousands of them all around! What's so special about this one?""",
9013657,"random saint",
9013658,"A Baby-Step For Mankind, A Huge Leap For Martianborn!",
9013659,"     Today marks yet another milestone in martian colonization: Today we celebrate the a special martianborn birthday! Indeed, with <MTBirthdayName>'s birthday today we are reminded that this Red Planet is indeed ours! Let this serve as a sign that the Red Planet has truly become the realm of man! It is time to sing, cheer and celebrate at this wonderful news! Happy Birthday <MTBirthdayName>. May your life be long and prosperous.",
9013660,"random birthday colonist",
9013661,"Petition to Rename Dome",
9013662,"     A petition has arrived at the Martian Tribune asking that a dome of ours be re-named in honor of <MTDeadMartianName>. We at the bureau also feel it would be a great way to remember the dead. If you would like to add your name to the petition, stop by the bureau before next Monday when we officially present the petition to the <MTLeaderTitle> on behalf of the martian people.",
9013663,"first dead martian",
9013664,"Virtue Over Vices",
9013665,"     The stresses of colonizing a new planet have clearly taken their toll on <MTLeaderTitle> <MTLeader> as the foolishness of last night's escapades will not be long forgotten.  <MTLeaderTitle>, learn to control your vices better before they take us all down with you!  If things don't change soon, it might be time to start looking for a new leader.",
9013666,"Spacebar a hit with local Connoisseur",
9013667,"     WOOOO! Mannn, this Spacebar is great! I went... I went there, and -hic- I went there, it was great! WOOOOO! man, i love it, I don't ever want to -hic- leave... they have this great drink, made from the.. food thing, the.. potatoes, the barman called it ""poteeeen"", man its great, does anywhere on mars do Chinese? I could really do with some Chinese right now. -hic-",
9013668,"Watch What You Eat",
9013669,"     A new ordinance has been passed on the number of drinks one may imbibe after yet another incident.  Five of our inebriated compatriots recently snuck off to the stockpiles overnight, exchanging the contents of the food containers randomly with polymers, machine parts, and electronics again.  Watch what you eat, folks.  As <MTRandomColonistName> put it, ""Those electronics just don't go down well"".",
9013670,"random colonist",
9013671,"Flat Mars League Gains Traction",
9013672,"     <MTSponsor>'s recent announcement that cursory scans of the Martian surface are complete has prompted an interesting response from the public.  The Flat Mars League (FML) has come forward to declare that the scans provide full evidence, beyond any doubt, that Mars is indeed flat.  Their spokesman, <MTIdiotName>, has pointed to the clear squareness of the resulting map, and the fact that the horizon is so obviously flat as well.  When asked about Earth, <MTIdiotName> stated that, ""Unlike Mars, Earth has been observed to be round"".",
9013673,"Oops I Broke It Again",
9013674,"     Dome dimwit <MTIdiotName> has once again managed to again find a way to get around the idiot-proof safety features of the local <MTIdiotWorkplace> with an amazing display of acrobatics, luck, and skill. Once again <MTIdiotName> found themselves holding a vital part of the building in their hand as they left work today. ""I honestly have no idea how they managed it. The building can't function without it, so we keep it behind three feet of concrete... yet, somehow, they still managed to walk off with it. I'm not even mad. It really is just plain amazing.""",
9013675,"idiot's workplace",
9013676,"The Wright Way",
9013677,"     As recent research turns into technological innovation the Martian Aviation Authority has announced its first inter-dome flights with their new CO2 powered flying drones. Move from dome to dome with the new luxury passanger drones, or just watch as the MAA goes about it's business transfering food and other supplies to where its most needed.",
9013678,"MRU Opens Its Doors",
9013679,"     After months of construction and planning the Martian Red University has opened its doors to Martians and colonists alike offering classes in Martian Botony, Martian Engineering, Martian Geology, Martian Medical Care, and Martian Science.  MRU is already being recognized as an accredited third level educational institute throughout the entire planet. Sign up now and become marginally less useless today!",
9013680,"The Answer To Life Is Always 42",
9013681,"     The lucky couple came forward today to announce that after 42 hours of labor, at 24:45 Martian Standard Time, their first child, <MTMartianCelebrityName> was born.  They are said to be only slightly fatigued, but absolutely jubilant upon the sight of the most dazzling, toothless smile imaginable staring back at them. Journalists from earth are already requesting photos of the new citizen.  We have a new celebrity in our midst!",
9013682,"martian celebrity",
9013683,"First Founder Passed Away",
9013684,"     Today marks a sad day on Mars as two planets mourn in unison.  The first death on Mars, Founder <MTDeadFounder> passed away today. As one of the very first Founders to ever set foot on the Red Planet, <MTDeadFounder> will go down in history as having set the highest of standards.  They were a brave soul, who's impact can be seen all around us, and shall not be forgotten.",
9013685,"dead founder",
9013686,"The Grass Couldn't Be Greener",
9013687,"     Local botanist <MTHippieName> has been caught smoking what officers referred to as ""the greatest stuff on the planet"", which was found to be grown in their very own closet. Though technically not illegal on Mars, questions have been raised as to how the botanist got the plant here in the first place. Dome security declared to us that ""it's definitely home-grown, it really is pretty high quality"". Unfortunately this was all the information we could gather as the officers were all quite insistent on returning to their spudtato snacks.  We will keep you updated as more news unfolds.",
9013688,"random botanist",
9013689,"The Rock Is Always Redder",
9013690,"     In a recent survey performed by the Martian Tribune a number of citizens have expressed disappointment after moving to a new dome.  One citizen in particular hit the nail on the head saying, ""I always thought that moving from <MTMovingDome1> to <MTMovingDome2> would be a huge upgrade in lifestyle, but I've have found it to be basically the same as before. I guess it's true what they say: The rock is redder on the other side.""",
9013691,"random dome <num>",
9013692,"Sound Complaint Filed",
9013693,"     <MTRareMetalsColonist> has lodged a formal complaint against <MTLeader>'s natural resource exploitation.  In the complaint they declared the primary contributor to be the new Rare Metals Extractor near <MTRareMetalsDome>.  There was also mention of sleep being precious and the constant pounding leaving not a moment of reprieve.  <MTLeader> declared themselves unmoved by the complaint.",
9013694,"random rare metals colonist",
9013695,"random rare metals dome",
9013696,"Paving Over The Problem",
9013697,"     <MTConcreteName> has lodged a formal complaint with authorities today after the plans to construct yet another Concrete Extractor was announced. <MTConcreteName> declared within that they ""did not come to another planet to pave it over.""",
9013698,"random person",
9013699,"Is this Vegan?",
9013700,"     <MTVeganDinerName> has been barred from the diner in <MTVeganDinerDome> after going in 25 different times and asking, ""Is this vegan? I'm vegan, so I can't eat anything that comes from an animal"", and being repetedly informed that everything on Mars is vegan.  Staff finally banded together and has officially banned <MTVeganDinerName> from the establishment stating ""EVERYTHING is vegan!  Now GET OUT!""",
9013701,"dome with vegan and diner",
9013702,"Vegan Declares Mars Meat-Free Planet",
9013703,"     <MTVegan1Name> has stepped up to make their presence known today as they've declared Mars to be Vegan Atlantis.  With Earth now lost forever to the carnivores, Mars is as yet unmarred by the carnivorous and <MTVegan1Name> has vowed to do everything in their power to keep it that way.  Doesn't sound good for all the bacon lovers out there as <MTVegan1MedicName> has stepped up to back the proposition as well.  We'll have to wait and see if it sticks.",
9013704,"Mars Still Meat Free",
9013705,"     <MTVegan2Name>'s ambitions have lead to the creation of a new foundation called the Vegan Martian Coalition. Their proposition of a meat-free Mars seems to be gaining momentum as 10 sol have now passed since the initial proposition and neither cattle nor hog has yet seen import.  Recognizing that opposition has been light, the <MTLeaderTitle> and <MTSponsor> have each agreed to sit down to discuss the issue more in depth.",
9013706,"Vegan Martian Coalition Gains Ground",
9013707,"     The VMC has announced Saturday to be Spudtato Day.  As the faction gains traction, so does their hold on Martian Cuisine, but perhaps this is one we can all get behind.  Let the fries flow!",
9013708,"Vegan Martian Coalition Talks Stalled",
9013709,"     Though the VMC has managed to garner the favor of our <MTLeaderTitle> <MTLeader>, <MTSponsor> has claimed to receive millions of complaints from Earthlings who once desired to travel to Mars.  Applicants have begun to withdraw their applications by the thousands citing only one word on the cancellation form: ""bacon"".  While the backlash might dampen <MTSponsor>'s support, this reporter for one is pleased with the health benefits.  We'll keep you updated as the situation continues to progress.",
9013710,"Earthling Causes Delay",
9013711,"     If you've been wondering why no new domes have been built of late, look no further than <MTEarthlingDelayName>.  Apparently they're now taking signatures for a petition to halt all mining operations, claiming them to be ""raping and pillaging Mars of its natural resources.""  The <MTLeaderTitle> has taken note of <MTEarthlingDelayName> and should be releasing a statement later this very sol.",
9013712,"Earthling Claims To Be Misunderstood",
9013713,"     As proof that rumors travel faster than light, word of <MTEarthlingDelayName>'s attempt to halt mining operations has already reached <MTSponsor>'s ears on Earth.  While our sponsor yet to make any formal declarations, <MTEarthlingDelayName> has already gone on the record to declare that it was all a giant April Fool's Day joke.  Whether it is or not, it is not April, and this reporter is not amused.",
9013714,"random earthling",
9013715,"Teenager Takes Drone for a Joyride",
9013716,"     Last night <MTTeenagerJoyrideName> hacked the code.  Working their way into the mainframe, one would expect havoc throughout the colony this morning, but apparently they had their sights set on something a little more exciting.  <MTTeenagerJoyrideName> simply took over a local drone and went out for a little joyride, eventually to end the ride face-first into the side of <MTTeenagerJoyrideDome>, go figure.  Kids will be kids, I guess.",
9013717,"random teenager's dome",
9013718,"random teenager",
9013719,"New Sport Established On Mars",
9013720,"     Our Earthling counterparts might have their Ski Jumping, but we here on Mars have our very own Drone Jumping. After hacking a few drones last night, lead by <MTDroneHack2Name>, several teenagers went joy riding in the dunes, eventually finding what has now been dubbed Marathon Hill as the site of Mars' very first Out-Dome sport: Drone Jumping.",
9013721,"New Martian Law Enforced",
9013722,"     <MTDroneHack3Name> was brought in to the Security Station last night on charges of Unsanctioned Drone Use.  Under the new Martian Law it is now prohibited to hack into drones for personal use.  To make things worse, <MTDroneHack3Name> is alleged to have been siphoning off Rare Metals for personal gain.  Expect formal charges in the coming days.",
9013723,"random drone hacker",
9013724,"The Refuse Hits The Fan",
9013725,"     Last night a sewage pump overflowed in <MTRefuseHitsFanDinerDome> when one of the pump's propellers broke under the pressure.  After what can only be described as a dining fiasco, last night's meal of extruded bean substitute seems to have played a critical role in overloading the sewage systems. There have been dozens of reports of a foul odor filling the dome even now.  Match usage is strictly prohibited until the blockage can be cleared.",
9013726,"dome with diner",
9013727,"Olympic Bid Rejected",
9013728,"     After the opening of our new open-air gym in <MTOlympicBidGymDome>, <MTSponsor> applied to host the Olympics on Mars, saying, ""We have the best view of Mount Olympus and a Gym, what more could one ask for?"" The International Olympics Committee on Earth rejected the proposal, saying ""Wait, that was an actual bid? You don't even have a pool."" <MTSponsor> responded by saying they will start their own Interstellar Olympics.  Expect track, blackjack, marbles, and Drone Jumping to headline the experience.",
9013729,"dome with open air gym",
9013730,"Struggling Colonist Adopts Pet",
9013731,"     <MTPetRockColonistName>, like most of us, has been struggling to cope with the harsh Martian environment.  On Earth, many of us had pets to help us through the difficult days, but there are no dogs on Mars, so <MTPetRockColonistName> decided to adopt a pet rock instead.  What did they name this newfound source of comfort and snuggles?  Why, Olympus Mons, of course!  Hopefully little Oly can help them through these tough times.",
9013732,"Pet Rock Owner",
9013733,"Mars is in Mourning",
9013734,"     Today is a solemn day.  <MTLeaderTitle> <MTDeadLeader> no longer walks the world of the living.  Martian society would not be what it is today without the indelible touch of <MTLeaderTitle> <MTDeadLeader> in so many places.  Please take a moment today to stop by your local spacebar and lift one up in honor of the late, great <MTLeaderTitle>.  What are your best memories of the now former <MTLeaderTitle>?  Send in your letters to the editor.  Select entries will be printed in Thursday's edition.  Thank you for your service, <MTDeadLeader>.  You will be missed.",
9013735,"Mars Mourns <MTLeaderTitle>'s Passing",
9013736,"     <MTLeaderTitle> <MTDeadLeader> served us honorably for many a sol and their passing has not gone unnoticed.  Despite serving Mars well during their tenure, it is suspected that they never quite fully adapted to the realities of life on Mars and between the stresses of daily Martian life, serving as our <MTLeaderTitle>, and many a sleepless night, a heart attack finally took them from us.  May your slumber, <MTLeaderTitle> <MTDeadLeader>, be deep and pleasant.  You will be missed.",
9013737,"dead leader",
9013738,"A New <MTLeaderTitle> Takes the Helm",
9013739,"     As <MTLeader> steps in to assume the recently vacated role of <MTLeaderTitle>, we can hope that they get their bearings in short order.  We here at the Martian Tribune will keep you apprised of any decrees and movements of the <MTLeaderTitle>.  A new day is dawning here on Mars.  The question remains, however: is that a day of dawning, or a day of darkness.  Our fate is in your hands, <MTLeaderTitle>.  Don't let us down.",
9013740,"<MTLeader> Breathes New Life Into Colony",
9013741,"     A new <MTLeaderTitle> has been chosen!  It is time to rejoice, for my fellow Martians, the future is bright!  <MTLeader> steps in as our new <MTLeaderTitle> today and we could not be in better hands.  With <MTLeader>'s past work here on Mars, we can expect big plans to continue to balance out the workload and supply chain even further, as well as to care for the aging and nurture the young.  Today, the Martian Tribune declares: the future is bright.  It is time to celebrate!",
9013742,"Wrong Sibling Elevated?",
9013743,"     As we move into a new era of Martian development, we here at the Martian Tribune can't help but wonder at the agenda of our sponsor, <MTSponsor>.  Perhaps someone mixed up their paperwork, but somehow they saw fit to raise <MTLeader> to the role of <MTLeaderTitle> without recognizing that more than one person shares that last name.  The responsibilities are vast in leading such an intrepid endeavor as ours here on Mars.  Let's hope and pray (hard) that <MTLeader> is up to the challenge.",
9013744,"Drones Watch In Awe",
9013745,"     All the Drones on Mars watch in amazement as the rocket <MTMostRecentRocket> lands safely on the surface. Kicking up storm of red dust, this rocket brings us even closer to the dream of a future of Martian civilisation.",
9013746,"recent rocket",
9013747,"The Founder's Legacy",
9013748,"     There are only <MTFoundersCount> people who will ever be known as Founders.  These extraordinary men and women risked their lives to venture into the Final Frontier and gain a foothold on the Red Planet.  They toiled day and night, working non-stop to ensure constant and consistent air flow, water pressure, power generation, and more.  As we go about our sol we must remember to take a moment and honor those who came before us, those who made all that we see around us possible.  We will be celebrating Founder's Sol at noon tomorrow at the <MTFoundersLegacyBuilding> in <MTFoundersLegacyDome> where we will be taking <MTFoundersCount> minutes of silence in memory of these most excellent of individuals.",
9013749,"every dome",
9013750,"Spacebar",
9013751,"Open Air Gym",
9013752,"Stone Garden",
9013753,"Fountain",
9013754,"Natural Garden",
9013755,"Apartments",
9013756,"Living Quarters",
9013757,"your local park",
9013758,"SpaceXXX",
9013759,"     In an unexpected turn of events, <MTSexyColonistName> has officially produced the first ever Martian adult film.  Starring 11 different colonists with <MTSexyColonistName> as the lead, it has become quite a hit on earth.  The film also provides a sneak peek into Martian pipe work and our stockpiles of electronics and machine parts in the background.  <MTSponsor> has declared themselves not responsible for the social implications of such actions, but did praise the artistic vision of the Director calling it a ""unique and innovative production"".",
9013760,"sexy colonist",
9013761,"Push For Drone Rights",
9013762,"     It has been reported that a local alliance of Martians believe that because so many drones are now integral to our daily lives they now deserve the same rights as colonists. <MTDroneColonistName>,  the leader of the self-dubbed Drone Alliance for Freedom and Transparency (DAFT) has stated that ""these drones do more work than all of the humans on mars combined"" when asked if this meant drones should be able to vote as well <MTDroneColonistName> responded, ""what? no. That's ridiculous. they are machines...""",
9013763,"idiot colonist",
9013764,"No news of interest at this point in time.",
9013765,"<newline>     The Top Story Archives have been depleted.",
9013766,"<newline>     The Engineering Story Archives have been depleted.",
9013767,"<newline>     The Social Story Archives have been depleted.",
9013768,"01101101 01100101 00100000 01110011 01100001 01100100",
9013769,"    01000100 01110010 01101111 01101110 01100101 01110011 00100000 01101100 01101111 01101110 01100101 01101100 01111001 00101100 00100000 01100010 01110010 01101001 01101110 01100111 00100000 01101000 01110101 01101101 01100001 01101110 01110011 00100000 01110000 01101100 01100101 01100001 01110011 01100101 00101110",
9013770,"Rocket Silhouettes Mar Martian Landscape",
9013771,"    With so many rockets planetside, one would think that we have more than enough to succeed and flourish, but all those resources are languishing in the hands of <MTLeaderTitle> <MTLeader>.  Perhaps it's time to fire up that Drone Assembler, a few more Fuel Refineries, and redistribute the workload.  If things remain as they are, who knows how much longer <MTLeaderTitle> <MTLeader> will remain in office...",
9013772,"<MTLeaderTitle> Sets High Standard",
9013773,"    With the <MTLeaderTitle>'s efficient and effective use of Earth's resupply we are well on our way to gaining a strong foothold on the Red Planet.  This begs the question: are you doing your part? As we continue to develop our resources, and our culture, on this planet each one of us plays an integral role in leading us closer and closer to the safety and security that we need.  Follow <MTLeaderTitle> <MTLeader>'s example!  How can you become more efficient and effective today?  Let us know in your letter to the editor!  Select letters will be published in Saturday's edition.",
9013774,"Hack the planet!",
9013775,"    Our primary manifesto as a society is to populate the Red Planet.  Someone should remind <MTLeaderTitle> <MTLeader> about that.  They seem to think that scanning the surface and finding suitable resources and dome locations serves no particular purpose.  Have you seen our metals supply lately?  This water isn't going to last forever, you know.  We need more Sensor Towers.  When will we learn from the past?  The time is now!  This planet is ours for the taking, but only if we know what's out there!",
9013776,"Sponsor Funds Depleted",
9013777,"     <MTSponsor> has confirmed for the Martian Tribune that the rapidly spreading rumor that they are now broke with no money left to spare in support of the Martian endeavor is, in fact, true.  It is up to us, the people of mars to support ourselves.  Hopefully our local administrators will work to remedy the situation and prove our worth to our sponsor once more.",
9013778,"Sponsor Cites Insider Trading Woes",
9013779,"     <MTSponsor> has gone belly-up in the face of a massive insider trading scheme that has taken down over half of their senior management.  Who knew that colonizing Mars could be such a politically, financially and socially fraught endeavor?  We did, <MTSponsor>.  We all did.  Shame on you.",
9013780,"We Are Martian",
9013781,"     This is our world now.  The world of rare metals, electronics and universal depots.  On Earth war is waged over economics, religion, and borders.  Here we fight for survival on a primal level.  We are the Martian people.  We will not give up.  We will not give in.  We will continue to build, continue to expand and populate this planet.  No meteor storm will stop us.  We are Martian.",
9013782,"On This Day in 1965",
9013783,"     On July 14th in 1965 Mariner 4 was sent to space by NASA took the first ever photos of the Martian surface.  Have you taken any photos that you're particularly proud of?  Share them today at r/SurvivingMars!",
9013784,"On This Day in 1976",
9013785,"     On July 20th in 1976 Viking 1 pulled out the landing gear and set down on Martian soil for the first time in human history.  What we have come to accomplish in such few years since then is nothing less than incredible.  What an experience it is to actually set foot on Mars and to literally, walk among the stars!",
9013786,"On This Day in 1997",
9013787,"     On July 4th in 1997 NASA set down the very first actual rover on the Red Planet.  Shortly after the Mars Pathfinder landed, Sojourner, a solar-powered rover, rolled out and began to scan the surface.  Expected to last just 7 sol, it was finally called to a stop after 91 sol having traveled a total of just over 100 meters and sent a myriad of photos back to Earth for study.",
9013788,"On This Day in 2015",
9013789,"     On September 28th in 2015 NASA announced that the Mars Reconnaissance Orbiter had officially encountered water flowing along the Martian surface.  While it might seem like a foregone conclusion to us today, such news at the time proved quite the breakthrough, leading NASA Administrator Bolden to declare that NASA ""is firmly on a journey to Mars.""",
9013790,"Political Ambitions Set Too High?",
9013791,"     A politician on Earth has stated the obvious this week by claiming that Mars is red.  The hopeful senator took it a step further by declaring that Mars is a also a communist planet, with ""nothing but red, red, red"".  After performing some reconnissance here at the Martian Tribune Headquarters, we would like to confirm that Mars is indeed red.  The claims of communism getting a foothold, however, will have to be fielded by the <MTLeaderTitle>.",
9013792,"ISS Declares Sovereignty",
9013793,"     The International Space Station orbiting Earth has recently declared itself a free, sovereign, and independent state, capable of enacting its own laws and governance. There was some opposition from many nations on earth. However once threats of crashing the mega structure into the planet reached Earth, many Earthlings rapidly changed their mind on the matter. Mars itself has become the first entity to recognize the independent state of the ISS and will be holding a press conference on the matter in the coming days.",
9013794,"US President Confirms: Not A Scientist",
9013795,"     The current President of the United States, after staring intently at several photos of the Red Planet, proceeded to ask his scientific advisors if Mars is actually made of cheese. The researchers reminded the president that Mars is mostly made of rock, and that it is, in fact, the Moon that is made of cheese.",
9013796,"Drone Toy Sales Through The Roof",
9013797,"     With all of the photos and videos sent back to Earth, the demand for the miniature, remote controlled, toy replica of the standard martian drone has been much higher than anticipated. The toy broke first week sales records all across the globe. The remote controlled mini drone, which sells for just over 400 dollars each, has been sold out in most places. With the shortage, and with Christmas so soon, it's sad to say, but some children may be dissapointed this year.",
9013798,"Mysterious Radio Station Causes Concern",
9013799,"     The martian planet is being entertained by the great hosts at Mars Radio One, among other stations, but what has the Martian Tribune concerned is that there are no facilities to broadcast a radio station here on Mars. Come to think of it, there are no facilities to make a newspaper either... let's just let that slide then.",
9013800,"Woody's Woods to Expand to Mars",
9013801,"     Woodys Woods, a tree-felling business of Cities Skylines fame, has decided to expand its operations to Mars. This decision has come as a surprise to many people, mainly because there are no trees on Mars.  When asked about this, Woody responded, ""I'm sure we'll find something to cut down!""",
9013802,"Drone Reverse Engineering",
9013803,"     After many days, drones have finaly completed their reverse engineering training and can now move both forwards and backwards. This advancement will be a huge help in traversing the un-even surface of Mars.",
9013804,"Former Peaceful Organization Threatens Nuclear War",
9013805,"     An organization formerly believed to be peaceful has been uncovered as a sleeper cell that is now threatening interstellar war.  The leader of this formerly benign oceanic  movement known as Norwegians for Underdeveloped Kelp Enrichment ('NUKE') has laid claim to a former lakebed near Mount Olympus and threatened nuclear annihilation upon any civilization that settles too close to their newly founded city.",
9013806,"Were We Really The First?",
9013807,"     Reports are coming in that <MTSponsor> may not, in fact, be the first to have arrived on Mars. It is stated that an ancient Viking ship was found near one of our scout's landing sites that contained manuscripts stating that ""the Blue Land has been conquered in the name of Ulfric the Great."" While no other evidence of this former civilzation has been found, it is a clear reminder: we are not alone.",
9013808,"Macburgers expands to Mars",
9013809,"     The large multinational fast food chain, Macburgers, is seeking to become the first multiplanetary company in history, with plans put forward to open a restaurant on the red planet as soon as permits allow. There is strong opposition to the plan, even within the company, mainly due to the lack of money and meat on Mars.",
9013810,"Drone #<num>",
9013811,"random vegan",
9013812,"Flip to Previous Page of Archived Top Stories",
9013813,"View Previous Page of Engineering Archives",
9013814,"View Previous Page of Social Archives",
9013815,"<MTLeaderTitle> Chosen for New Colony",
9013816,"     <MTLeader> has been chosen from the <MTFoundersCount> brave founders as <MTLeaderTitle> to nurture and guide the initial development of the newly populated colony on Mars. The challenges that <MTLeader> will have to face in the coming Sols will be many, but <MTSponsor> has declared that they have complete confidence in <MTLeader>'s ability to meet those challenges.",
9013817,"Cracked dome",
9013818,"<DomeName> Repaired, People Rejoice",
9013819,"     <DomeName> recently developed a large crack, causing much of our precious oxygen to evaporate into the martian atmosphere. Lucky for us oxygen breathing humans, however, our drones are not affected so deeply and were quick to react.  Hopefully the polymer-based super glue does the trick for many sol to come.  Keep an eye on <DomeName> in these coming days and be sure to report any shortness of breath to local authorities.",
9013820,"Tourism to Earth only somewhat Viable",
9013821,"     The Earth Tourism Board is attempting to show the benefits of martians visiting Earth in a collosal tourism push. Tauting the benefits such as ""try meat!"" and ""water, we have oceans of it"". Martians, however, are facing problems once arriving on earth due to a lack of understanding of the use of currency. ""I went to a grocer and asked to pick up my rations, and they just looked at me like I was from a different planet!""",
9013822,"Underground Radiators",
9013823,"     The newest discovery in surviving the cold has become synonymous with the Martian underground scene, as the new ""subsurface heaters"" become quickly idolised and called saviours of the underground. A strange move, but with the ability to heat up an area the size of a small dome, the underground radiators could indeed save your life.",
9013824,"Please do not use Subsurface Heaters to make Hot Tubs",
9013825,"     The Martian Tribune would like to advise its readers that the newly discovered subsurface heaters are not to be used to make your own personal hot tub, no matter how awesome it would be. It is a serious waste of Martian resources.",
9013826,"Martian Gravity Allows Heavier Wind Turbines",
9013827,"     With gravity on Mars being approximately 1/3 that of Earth, it is possible to construct wind turbines with heavier blades, thus allowing them to spin for longer after the pitiful Martian wind spins them for us. Adding blocks of polymers to the construction of the blades for wind turbines has allowed extra momentum to bring more ""spinnyness"", resulting in more power to the network.",
9013828,"Polymer Blades Means Poly-More Power",
9013829,"     <MTLeader> has confirmed that researchers have come up with a way to change the blades on martian wind turbine to those of a polymer composition. The new blades have been found to be much more efficient and bringing power to the people, with up to 33% more production of electrical goodness.",
9013830,"Probes Probing Deeper than they ever Probed Before",
9013831,"     Probes brought from Earth now have the added bonus of being able to see deep into the surface, possibly revealing previously unseen resources. The probes pioneered by <MTSponsor> subsidiary ""A New Awesome Life"" have also become cheaper to build due to streamlining of the production process.",
9013832,"Look Up, Look Down",
9013833,"     After looking up from Earth to the great beyond of Mars, finally we have the technology to look down into the deep crusts of the red planet. New probes ordered by <MTSponsor> can now scan significantly deeper, and will reveal larger deposits of metal, water and rare metals.",
9013834,"Reality Show from Mars a Huge Hit",
9013835,"     A reality show based on the Mars has been a huge hit on Earth, causing a surge in applicants to come move to the red planet.  The show called ""Mount Olympus"" is made up of two 15 minute segments, both of which consist of a camera staring at the rust colored dust that sometimes rolls down the side of the galaxy's biggest mountain.",
9013836,"Martian Tribune Excluded From TV Venture",
9013837,"     <MTSponsor> has recently launched a new venture aimed at bringing more colonists to the red planet, a PR stunt at best.  The Martian Tribune, despite being the red planets only newspaper, was not invited to partake in this show and as such will not report on it.",
9013838,"dome without food",
9013839,"Tighten Your Belts",
9013840,"     <MTFoodDome> is on an unanticipated diet today as their food supply was recently destroyed as the harsh martian winds blew so much dust into it as to make it inedible and irrecoverably contaminated.  The <MTLeaderTitle> has promised that <MTFoodBotanist> is looking into the issue and food stores will be replenished shortly, but only time will tell.",
9013841,"Colonists Starving in <MTFoodDome>",
9013842,"     Starvation has set in on an already beleaguered <MTFoodDome>.  Please send any stores you have set aside to us, if you have them, and we will be sure to redistribute them ASAP.",
9013843,"Missing your home planet?  You're not alone.",
9013844,"     Coffee with <EarthsickColonist> the other day revealed just how deeply some of us miss the prairies and oceans of Earth. One such colonist, upon a wider discussion revealed that they, ""just miss being able to breath air, see water, and eat meat. Man, I really miss meat."" Know that you're not alone out here.  We're in this together!",
9013845,"Martian Social Network Gains Traction",
9013846,"     The Martian social network MarsIpan-Rock has been a huge hit, generating gobs of followers on both Mars and Earth. The site focuses heavily on photos of pet rocks, with the odd Martian showing their face to their pets' followers on occasion. <CelebrityName> , a pet rock enthusiast, has even garnered over 3.6 billion followers in awe of their pet rock Eurasia.  Mars, and its rocks, is clearly at the vanguard of changing the social landscape.",
9013847,"Starving Colonists Create Alternatives",
9013848,"     Colonists are starving and have begun to pass around recipes calling for martian dust in an attempt to not starve. Recipes such as roast dust, and dustloaf are becoming more popular, but botonists are declaring that not only are they disgusting, but they also have zero nutritional value. Best to stay away from this series of quirky innovative recipes.",
9013849,"PSA: Survival Comes First",
9013850,"     As are all, we here at the Martian Tribune are working hard to make Mars our new home and tame the Red Planet.  With so many tasks vying for our attention, we know that Mars can be a very distracting and chaotic place to live. That said, food IS necessary to survive. Please, do not forget to pick up your rations every day. Those green boxes are not just for decoration!",
9013851,"",
9013852,"",
9013853,"",
9013854,"",
9013855,"Children Struggling to Understand Concept of Weekends",
9013856,"     Teachers on Mars have reported that Martianborn children struggle to comprehend the concept of a weekend. A weekend is an Earth Tradition, where for two sols (called 'days' on Earth) many citizens will cease working and relax for a time instead. ""But how does the colony survive then?"" ask the children. Next week's cultural lesson revolves around capitals and life in a metropolis.",
9013857,"The Guangzhou's Got Nothing On Mars!",
9013858,"     Earth's Guangzhou Metro might be the longest underground transit tunnel on Earth, but even the longest Earth tunnel has nothing on our martian tunnels.  With all that iron and nickel in the soil, our newly built tunnel is truly a feat of martian engineering left unrivaled in the solar system!",
9013859,"dome that forbid births",
9013860,"<MTLeaderTitle> Declares One-Child Policy on Mars",
9013861,"     <DomeName> has announced that they have received notice that no more children be born. The dome lockdown is due to each family moving in at the same time and some have expressed resentment and a desire to move to less restrictive domelife.  What are your thoughts?  Have we already outgrown our britches?  Is it <MTLeaderTitle> <MTLeader>'s right to make such a sweeping declaration?  Write in your opinions, we'd love to hear your thoughts on the matter!",
9013862,"Birth Control Debate Rages",
9013863,"     <DomeName> has recently introduced a policy against procreation, in favor of population control. There was such discussion based on how this would be enforced, with arguments for outlawing sex, requiring use of condoms, requiring all above age 12 to receive a vasectomy, or simply mandating the use of birth control pills. In the end, it was determined that proof must be given that one is not capable of conceiving. As a result, expect the medical clinics to be busy in the coming weeks and don't forget to pick up your birth control with your food rations this week.",
9013864,"Lack of Power Leads to Awesome Rave",
9013865,"     The colony's recent power problems have lead to an intriguing turn of events. Upon noticing the flickering lights throughout the dome, many colonists mistook the music played by several more artistically inclined domemates as a dome-wide rave, which in turn lead to a giant street party. The evening was such a great time for the community that local officials have decided to make this an annual event to commemorate this moment.",
9013866,"Children Confused by Giant Whale Statue",
9013867,"     Children on Mars have reported confusion and fear of the ""Giant Whale"" outside the dome. After realising that they are referring to the Rocket sent from Earth, older Martians were confused by the children even knowing what a whale looks like. ""There are no pictures of whales, the kids just decided that is what the rockets looked like. It is amazing that they were right, but they've no need to fear!""",
9013868,"Apartment Fire Tragedy Averted",
9013869,"     A fire in an apartment in <DomeName> almost killed several colonists recently. <ColonistName> was lucky to escape when their apartment went up in flames after an unfortunate cooking accident. Reports say that when <ColonistName> called emergency services, they were informed that fire stations have yet to be built and the water supply was short. Emergency dispatch recommended that <ColonistName> put out the fire themselves using whatever they may, ""water, pee, whatever!"", which they did, averting the near disaster.",
9013870,"Atlantis has been found!",
9013871,"     The long lost city of Atlantis, thought to be nothing but rumor and legend, has been found, and it is where no-one expected to find it - around 15KM below the surface of Mars. The legend of the city that sunk beneath the blue sea may well have been mistranslated from ancient Viking manuscripts, who meant to say it sunk beneath the dust of the red planet. In retrospect, that was an easy mistake to make.",
9013870,"whiner colonist",
9013871,"<WhinerColonist> Confused by Lack of Submarines",
9013872,"     <WhinerColonist> has declared repeatedly that on Earth they were one of the best submarine operators in the entire fleet. They moved to Mars because we had a shortage of submarine operators. We are not sure how much water <WhinerColonist> thought was on Mars, but it is definitely not enough to warrant a submarine!  ...unless it's a really, really small one.",
9013873,"Martian Fashion Makes <CelebrityName> millions.",
9013874,"     <CelebrityName> has been designing and selling clothing for years, taking strong inspiration from the standard Martian jumpsuits, and selling them on Earth. The fashionista has noted that the red security outfit is the most popular on Earth, which is good because we have a lot of them to spare.",
9013875,"",
9013876,"",
9013877,"Martian-Specific Geology Training Started",
9013878,"     The Martian Tribune can report that all geologists have been trained in Martian-specific conditions, to recognise the difference between metals, rare metals and that random black rock that is on the surface but isnt actually metal. As a by-product of this, engineers have been able to work more efficiently as they no longer need to sort out what is rock and what is metal using a magnet.",
9013879,"Engineering Books Imported to Mars",
9013880,"     After discovering a critical lack of training materials, books on engineering have been dispatched to Mars. The books contain specifics regarding machine parts production, and electronics production. All engineers are encouraged to read these books together with a geologist, which will increase the productivity of both of them in future.",
9013881,"Two planets working together as one",
9013882,"     Today marks an historic day, as the two inhabited planets in the Milky way galaxy sign the first ever interplanetary research treaty, agreeing to share all knowledge and to work together to advance the future of mankind. The Earth-Mars Initiative will see leaps and bounds in rates of research on both Earth and Mars, allowing for more rapid expansion into the future.",
9013883,"Sharing and Caring",
9013884,"     Researchers on Earth and Mars have today declared they will share all scientific knowledge possible between the two planets, and have vowed to care about people not on their own planet - a difficult task considering Humanity's history with rival countries, cities, tribes, etc.",
9014487,"The Martian Tribune",
9014488,"Sol <MTSol> AMC",
9014489,"<MTSponsor> <MTLeaderTitle>",
